{"(12, 0, 24, 12, 0)": [0.30749999999999994, 0], "(12, 0, 23, 12, 0)": [0.30749999999999994, 0], "(12, 1, 23, 12, 0)": [1.018875, 0], "(12, 2, 23, 12, 0)": [1.4013749999999998, 0], "(12, 3, 22, 12, 0)": [1.4013749999999998, 0], "(12, 4, 22, 12, 0)": [0.951375, 0], "(13, 5, 22, 12, 0)": [0.30749999999999994, 0], "(13, 5, 21, 12, 0)": [0.0825, 0], "(13, 6, 21, 12, 1)": [0.152625, 0], "(14, 7, 21, 12, 1)": [0, 0.0675], "(13, -9, 21, 12, 1)": [0.30749999999999994, 0], "(13, -9, 20, 12, 1)": [0.30749999999999994, 0], "(13, -8, 20, 12, 0)": [0.7575, 0], "(12, -8, 20, 12, 0)": [0.7575, 0], "(12, -7, 20, 12, 0)": [0.5688749999999999, 0], "(11, -6, 19, 12, 0)": [0.3524999999999999, 0], "(11, -6, 19, 12, -1)": [0.1275, 0], "(11, -5, 19, 12, -1)": [0.235875, 0], "(11, -4, 19, 12, -1)": [0.1275, 0], "(10, -4, 18, 12, -2)": [0.1275, 0], "(10, -3, 18, 12, -2)": [0.160875, 0], "(10, -2, 18, 12, -2)": [0.09712499999999999, 0], "(10, -1, 17, 12, -2)": [0.09712499999999999, 0], "(10, 0, 17, 12, -2)": [0.14168306249999998, 0], "(10, 1, 16, 12, -2)": [0.09712499999999999, 0], "(10, 2, 16, 12, -2)": [0.235875, 0], "(10, 3, 16, 12, -2)": [0.1275, 0], "(10, 3, 15, 12, -2)": [0.1275, 0], "(11, 4, 15, 12, -1)": [0.235875, 0], "(11, 5, 15, 12, -1)": [0.6071249999999999, 0], "(11, 6, 14, 12, 0)": [0.30749999999999994, 0], "(12, 6, 14, 12, 0)": [0.7575, 0], "(12, 7, 14, 12, 0)": [0.951375, 0], "(13, 8, 14, 12, 0)": [0.30749999999999994, 0], "(13, 8, 13, 12, 1)": [0.0825, 0], "(13, 9, 13, 12, 1)": [0.0825, 0], "(14, 9, 13, 12, 1)": [0, 0.0675], "(13, -9, 13, 12, 1)": [0.5688749999999999, 0], "(13, -8, 12, 12, 0)": [0.7575, 0], "(12, -8, 12, 12, 0)": [0.7575, 0], "(12, -7, 12, 12, 0)": [0.5688749999999999, 0], "(11, -6, 12, 12, 0)": [0.3524999999999999, 0], "(11, -6, 11, 12, -1)": [0.1275, 0], "(11, -5, 11, 12, -1)": [0.235875, 0], "(11, -4, 11, 12, -1)": [0.1275, 0], "(10, -4, 11, 12, -2)": [0.1275, 0], "(10, -3, 10, 12, -2)": [0.160875, 0], "(10, -2, 10, 12, -2)": [0.09712499999999999, 0], "(10, -1, 10, 12, -2)": [0.0525, 0], "(10, -1, 9, 12, -2)": [0.0525, 0], "(10, 0, 9, 12, -2)": [0.14168306249999998, 0], "(10, 1, 9, 12, -2)": [0.0525, 0], "(10, 1, 8, 12, -2)": [0.0525, 0], "(10, 2, 8, 12, -2)": [0.235875, 0], "(10, 3, 8, 12, -2)": [0.235875, 0], "(11, 4, 7, 12, -1)": [0.235875, 0], "(11, 5, 7, 12, -1)": [0.6071249999999999, 0], "(11, 6, 7, 12, 0)": [0.30749999999999994, 0], "(12, 6, 6, 12, 0)": [0.7575, 0], "(12, 7, 6, 12, 0)": [0.7575, 0.6674999999999999], "(12, -9, 6, 12, 0)": [0.30749999999999994, 0], "(11, -9, 6, 12, 0)": [0.3524999999999999, 0], "(11, -8, 5, 12, -1)": [0.235875, 0], "(11, -7, 5, 12, -1)": [0.1275, 0], "(10, -7, 5, 12, -2)": [0.0525, 0], "(10, -6, 5, 12, -2)": [0.0525, 0], "(10, -6, 4, 12, -2)": [0.0525, 0], "(10, -5, 4, 12, -3)": [0.0525, 0], "(9, -5, 4, 12, -3)": [0.0525, 0], "(9, -4, 4, 12, -3)": [-0.20287499999999997, 0], "(9, -3, 3, 12, -4)": [-0.4578749999999999, 0], "(9, -2, 3, 12, -4)": [-0.4578749999999999, 0], "(8, -1, 3, 12, -4)": [-0.24749999999999997, 0], "(8, -1, 2, 12, -4)": [-0.24749999999999997, 0], "(8, 0, 2, 12, -4)": [-4.5, 0], "(12, 0, 24, 9, 3)": [0, -0.007500000000000007], "(11, -9, 23, 9, 3)": [0, -0.007500000000000007], "(11, -9, 23, 9, 2)": [0, -0.02250000000000001], "(10, -9, 23, 9, 2)": [0, -0.02250000000000001], "(10, -9, 23, 9, 1)": [0.377625, 0], "(9, -8, 22, 9, 0)": [1.4013749999999998, 0], "(9, -7, 22, 9, 0)": [0.7575, 0], "(8, -7, 22, 9, 0)": [0.30749999999999994, 0], "(8, -6, 22, 9, 0)": [0.30749999999999994, 0], "(8, -6, 21, 9, 0)": [0.3524999999999999, 0], "(8, -5, 21, 9, -1)": [0.1275, 0], "(7, -5, 21, 9, -1)": [0.1275, 0], "(7, -4, 21, 9, -1)": [0.235875, 0], "(7, -3, 20, 9, -2)": [0.235875, 0], "(7, -2, 20, 9, -2)": [0.235875, 0], "(7, -1, 20, 9, -2)": [0.0525, 0], "(7, -1, 19, 9, -2)": [0.0525, 0], "(7, 0, 19, 9, -2)": [0.21668306250000002, 0], "(7, 1, 19, 9, -2)": [0.1275, 0], "(7, 1, 18, 9, -2)": [0.1275, 0], "(7, 2, 18, 9, -2)": [0.235875, 0], "(7, 3, 18, 9, -2)": [0.1275, 0], "(7, 3, 18, 9, -1)": [0.1275, 0], "(7, 4, 17, 9, -1)": [0.4608749999999999, 0], "(8, 5, 17, 9, -1)": [0.30749999999999994, 0], "(8, 5, 17, 9, 0)": [0.30749999999999994, 0], "(8, 6, 17, 9, 0)": [0.7575, 0], "(8, 6, 16, 9, 0)": [0.7575, 0], "(9, 7, 16, 9, 0)": [0.951375, 0], "(9, 8, 16, 9, 0)": [0.0825, 0], "(10, 8, 16, 9, 1)": [0.0825, 0], "(10, 9, 15, 9, 1)": [0.0825, 0], "(10, 9, 15, 9, 2)": [0, 0.0675], "(10, -9, 15, 9, 1)": [0.377625, 0], "(9, -8, 15, 9, 0)": [0, 0.6674999999999999], "(9, -9, 14, 9, 0)": [1.4013749999999998, 0], "(8, -8, 14, 9, 0)": [0.38887499999999997, 0], "(8, -7, 14, 9, -1)": [0.1275, 0], "(7, -7, 13, 9, -1)": [0.1275, 0], "(7, -6, 13, 9, -1)": [0.1275, 0], "(7, -6, 13, 9, -2)": [0.0525, 0], "(7, -5, 13, 9, -2)": [0.0525, 0], "(6, -5, 13, 9, -2)": [0.0525, 0], "(6, -4, 12, 9, -2)": [0.0525, 0], "(6, -4, 12, 9, -3)": [0.0525, 0], "(6, -3, 12, 9, -3)": [0.09712499999999999, 0], "(6, -2, 12, 9, -3)": [0.0525, 0], "(6, -2, 11, 9, -3)": [0.0525, 0], "(6, -1, 11, 9, -3)": [0.082125, 0], "(5, 0, 11, 9, -3)": [0.084375, 0], "(6, 0, 10, 9, -3)": [0.0525, 0], "(6, 1, 10, 9, -3)": [0.09712499999999999, 0], "(6, 2, 10, 9, -3)": [0.09712499999999999, 0], "(6, 3, 9, 9, -3)": [0.09712499999999999, 0], "(6, 4, 9, 9, -2)": [0.09712499999999999, 0], "(7, 5, 9, 9, -2)": [0.1275, 0], "(7, 5, 8, 9, -2)": [0.1275, 0], "(7, 6, 8, 9, -1)": [0.235875, 0], "(8, 7, 8, 9, -1)": [0.30749999999999994, 0], "(8, 7, 8, 9, 0)": [0.7575, 0], "(8, 8, 7, 9, 0)": [0.7575, 0], "(9, 8, 7, 9, 0)": [0.7575, 0], "(9, 9, 7, 9, 0)": [0.30749999999999994, 0.6674999999999999], "(9, -9, 7, 9, 0)": [0.7575, 0], "(9, -9, 6, 9, 0)": [0.7575, 0], "(8, -8, 6, 9, 0)": [0.38887499999999997, 0], "(8, -7, 6, 9, -1)": [0.1275, 0], "(7, -7, 6, 9, -1)": [0.1275, 0], "(7, -6, 5, 9, -1)": [0.1275, 0], "(7, -6, 5, 9, -2)": [0.0525, 0], "(7, -5, 5, 9, -2)": [0.0525, 0], "(6, -5, 5, 9, -2)": [0.0525, 0], "(6, -4, 5, 9, -2)": [0.0525, 0], "(6, -4, 4, 9, -3)": [0.0525, 0], "(6, -3, 4, 9, -3)": [0.09712499999999999, 0], "(6, -2, 4, 9, -3)": [0.09712499999999999, 0], "(6, -1, 3, 9, -3)": [0.082125, 0], "(5, 0, 3, 9, -3)": [0.084375, 0], "(6, 0, 3, 9, -3)": [0.0525, 0], "(6, 1, 2, 9, -3)": [0.09712499999999999, 0], "(6, 2, 2, 9, -3)": [0.09712499999999999, 0], "(6, 3, 2, 9, -3)": [0.0525, 0], "(6, 3, 1, 9, -3)": [0.0525, 0], "(6, 4, 1, 9, -2)": [0.09712499999999999, 0], "(7, 5, 1, 9, -2)": [0.235875, 0], "(7, 6, 0, 9, -1)": [0.235875, 0], "(8, 7, 0, 9, -1)": [0.30749999999999994, 0], "(8, 7, 0, 9, 0)": [0.7575, 0], "(8, 8, 0, 9, 0)": [0.7575, 0], "(9, 8, 0, 9, 0)": [0.7575, 0], "(9, 9, 0, 9, 0)": [0.30749999999999994, 0.6674999999999999], "(9, -9, 0, 9, 0)": [0.7575, 0], "(9, -9, -1, 9, 0)": [0.7575, 0], "(8, -8, -1, 9, 0)": [0.38887499999999997, 0], "(8, -7, -1, 9, -1)": [0.1275, 0], "(7, -7, -1, 9, -1)": [0.1275, 0], "(7, -6, -2, 9, -1)": [15.127499999999998, 0], "(7, -6, 24, 8, -1)": [0.1275, 0], "(7, -5, 23, 8, -1)": [0.1275, 0], "(6, -5, 23, 8, -2)": [0.1275, 0], "(6, -4, 23, 8, -2)": [0.09712499999999999, 0], "(6, -3, 23, 8, -2)": [0.0525, 0], "(6, -3, 22, 8, -2)": [0.0525, 0], "(6, -2, 22, 8, -2)": [0.0525, 0], "(6, -2, 22, 8, -3)": [0.0525, 0], "(6, -1, 22, 8, -3)": [0.082125, 0], "(5, 0, 21, 8, -3)": [0.084375, 0], "(6, 0, 21, 8, -3)": [0.0525, 0], "(6, 1, 21, 8, -3)": [0.09712499999999999, 0], "(6, 2, 20, 8, -2)": [0.09712499999999999, 0], "(6, 3, 20, 8, -2)": [0.172125, 0], "(6, 4, 20, 8, -2)": [0.1275, 0], "(6, 4, 19, 8, -2)": [0.1275, 0], "(7, 5, 19, 8, -1)": [0.235875, 0], "(7, 6, 19, 8, -1)": [0.30749999999999994, 0], "(7, 6, 19, 8, 0)": [0.30749999999999994, 0], "(8, 7, 18, 8, 0)": [1.4013749999999998, 0], "(8, 8, 18, 8, 0)": [0.30749999999999994, 0], "(9, 8, 18, 8, 0)": [0.30749999999999994, 0], "(9, 9, 18, 8, 1)": [0.0825, 0], "(9, 9, 17, 8, 1)": [0.0825, 0], "(10, 10, 17, 8, 2)": [0, 0.0675], "(9, -9, 17, 8, 1)": [0.5688749999999999, 0], "(9, -8, 17, 8, 0)": [0.7575, 0], "(8, -8, 16, 8, 0)": [0.7575, 0], "(8, -7, 16, 8, 0)": [0.951375, 0],